{"cameraMode":{"drawMode":0,"name":"Shaded","section":"Shading Mode"},"sceneLighting":true,"audioPlay":false,"sceneViewState":{"showFog":true,"showMaterialUpdate":false,"showSkybox":true,"showFlares":true,"showImageEffects":true,"showParticleSystems":true},"in2DMode":false,"pivot":{"x":0.11982287466526032,"y":0.47337567806243899,"z":-2.460989236831665},"rotation":{"x":0.2090061902999878,"y":0.40483689308166506,"z":-0.09559349715709686,"w":0.8850537538528442},"size":6.569155216217041,"orthographic":true}