{"cameraMode":{"drawMode":0,"name":"Shaded","section":"Shading Mode"},"sceneLighting":false,"audioPlay":false,"sceneViewState":{"showFog":true,"showMaterialUpdate":false,"showSkybox":false,"showFlares":true,"showImageEffects":true,"showParticleSystems":true},"in2DMode":false,"pivot":{"x":0.0,"y":-1.7695128917694093e-8,"z":0.15028367936611176},"rotation":{"x":0.21827557682991029,"y":0.39199206233024599,"z":-0.09630013257265091,"w":0.888496458530426},"size":0.5564702153205872,"orthographic":true}