{"cameraMode":{"drawMode":0,"name":"Shaded","section":"Shading Mode"},"sceneLighting":false,"audioPlay":false,"sceneViewState":{"showFog":true,"showMaterialUpdate":false,"showSkybox":false,"showFlares":true,"showImageEffects":true,"showParticleSystems":true},"in2DMode":false,"pivot":{"x":0.11093957722187042,"y":0.30895766615867617,"z":0.11409294605255127},"rotation":{"x":0.21827557682991029,"y":0.39199206233024599,"z":-0.09630013257265091,"w":0.888496458530426},"size":3.140599489212036,"orthographic":true}